<?xml version="1.0" encoding="UTF-8"?>
<!DOCTYPE suite SYSTEM "http://testng.org/testng-1.0.dtd">
<suite name="Suite" parallel="tests">
  
  <test name="lab9Test1Chrome">
  <parameter name="browser" value="chrome"/>
    <classes>
      <class name="lab9.SeleniumLab9JTestNg"/>
    </classes>
  </test> Test
  
  <test name="lab9Test1IE">
  <parameter name="browser" value="firefox"/>
    <classes>
      <class name="lab9.SeleniumLab9JTestNg"/>
    </classes>
  </test> <!-- Test -->
  
</suite> <!-- Suite -->