<?xml version="1.0" encoding="UTF-8"?>
<!DOCTYPE suite SYSTEM "http://testng.org/testng-1.0.dtd">
<suite name="Suite" parallel="tests" thread-count="2">
  <test name="lab3Test">
  <parameter name="browser" value="chrome"/>
    <classes>
      <class name="lab3.SeleniumLab3"/>
    </classes>
  </test> <!-- Test -->
  
  <test name="lab4Test">
  <parameter name="browser" value="chrome"/>
    <classes>
      <class name="lab4.SeleniumLab4"/>
    </classes>
  </test> <!-- Test -->
</suite> <!-- Suite -->